Country,Population,Region,Image URL,flag_gfw,2012,2013,2014,2015,2016,2017,2018,2019,2020,2012.1,2013.1,2014.1,2015.1,2016.1,2017.1,2018.1,2019.1,2020.1,2012.2,2013.2,2014.2,2015.2,2016.2,2017.2,2018.2,2019.2,2020.2
Afghanistan,38041754,Asia,https://public.flourish.studio/country-flags/svg/af.svg,AFG,0.0,0.0,0.0,58.5138669912,36.9785662812,173.9565975834,169.9603913305,38.2464454572,4.4860548492,0.0,0.0,0.0,1.5381485036468086e-06,9.720520846962e-07,4.572780676290583e-06,4.467732779369216e-06,1.0053807050326859e-06,1.1792450077880216e-07,0.0,0.0,0.0,0.0015381485036468085,0.0009720520846961999,0.004572780676290584,0.004467732779369216,0.0010053807050326858,0.00011792450077880215
Angola,31825295,Africa,https://public.flourish.studio/country-flags/svg/ao.svg,AGO,0.0,0.0,0.0,8538.3075111907,18574.5573201729,25006.6627113123,39288.94629314391,34977.60724730619,51153.6100412314,0.0,0.0,0.0,0.00026828683005737105,0.0005836413243042334,0.000785748025629057,0.001234519469282026,0.0010990505271767689,0.0016073255579007642,0.0,0.0,0.0,0.26828683005737103,0.5836413243042334,0.785748025629057,1.2345194692820258,1.099050527176769,1.6073255579007641
Albania,2854191,Europe,https://public.flourish.studio/country-flags/svg/al.svg,ALB,0.0,0.0,38.634124672,216.3213098118,548.8662828034,1321.5458174446,5273.6851624853,9911.4564048062,8175.592330955798,0.0,0.0,1.3535928279501967e-05,7.579076165953856e-05,0.0001923018756640323,0.0004630194046034761,0.0018476987568404846,0.0034725974557435714,0.00286441668793567,0.0,0.0,0.013535928279501968,0.07579076165953856,0.1923018756640323,0.4630194046034761,1.8476987568404846,3.4725974557435713,2.86441668793567
United Arab Emirates,9770529,Asia,https://public.flourish.studio/country-flags/svg/ae.svg,ARE,0.0,0.0,0.0,0.0,0.0,0.0,0.0,50.279170326,0.0,0.0,0.0,0.0,0.0,0.0,0.0,0.0,5.146002875176973e-06,0.0,0.0,0.0,0.0,0.0,0.0,0.0,0.0,0.005146002875176973,0.0
Argentina,44938712,Americas,https://public.flourish.studio/country-flags/svg/ar.svg,ARG,312374.5258207644,369627.3777565761,371427.3818718406,348268.361500669,357917.8591093026,359441.3125054916,381892.8721441653,391123.2387568899,361380.6030181583,0.006951123250278388,0.008225144008501536,0.00826519865259691,0.007749851876054413,0.0079645776031432,0.00799847829429316,0.008498082280243485,0.008703481282616419,0.00804163241301082,6.951123250278388,8.225144008501536,8.26519865259691,7.7498518760544135,7.9645776031432005,7.998478294293161,8.498082280243485,8.70348128261642,8.04163241301082
Australia,25364307,Oceania,https://public.flourish.studio/country-flags/svg/au.svg,AUS,4830.961673084801,12736.5173172586,19785.6541131772,26720.35927957501,28988.96374262159,45363.2384930386,55904.80215154179,55532.4147920307,49243.26100208206,0.00019046298694795017,0.0005021433196364718,0.0007800589274202208,0.0010534630131852215,0.0011429038350080523,0.0017884674906765087,0.002204073706864603,0.0021893921561519777,0.0019414392438193582,0.19046298694795016,0.5021433196364719,0.7800589274202209,1.0534630131852214,1.1429038350080523,1.7884674906765088,2.204073706864603,2.189392156151978,1.9414392438193582
Azerbaijan,10023318,Asia,https://public.flourish.studio/country-flags/svg/az.svg,AZE,0.0,0.0,0.0,0.0,0.0,0.0,0.0,15.4297864886,30.2472625686,0.0,0.0,0.0,0.0,0.0,0.0,0.0,1.5393891013534639e-06,3.0176896082315258e-06,0.0,0.0,0.0,0.0,0.0,0.0,0.0,0.001539389101353464,0.003017689608231526
Belgium,11484055,Europe,https://public.flourish.studio/country-flags/svg/be.svg,BEL,14924.3436076727,70272.24321452409,83610.938313464,82647.4500494316,74561.72529875925,67235.3847988067,70693.0584629045,72012.10267211648,76282.5395455312,0.0012995708926570536,0.006119114129506005,0.00728061110064903,0.007196713186190035,0.006492630460125735,0.005854672831051985,0.006155757566722251,0.006270616317330114,0.006642474243246936,1.2995708926570537,6.119114129506005,7.28061110064903,7.196713186190035,6.492630460125735,5.854672831051985,6.155757566722251,6.270616317330114,6.642474243246936
Bulgaria,6975761,Europe,https://public.flourish.studio/country-flags/svg/bg.svg,BGR,98.1651944595,1310.7101721462,2816.9523844642,3104.7310707974,2751.573888295599,3781.2845681479,4182.395823327001,8138.256595785901,8347.582501441198,1.4072327658516396e-05,0.00018789493678843068,0.00040382008277866743,0.00044507417481725654,0.00039444784422740383,0.0005420605104085274,0.0005995612268434944,0.0011666478533002924,0.0011966554618831119,0.014072327658516397,0.1878949367884307,0.40382008277866743,0.44507417481725653,0.3944478442274038,0.5420605104085274,0.5995612268434943,1.1666478533002924,1.1966554618831118
Bahrain,1641172,Asia,https://public.flourish.studio/country-flags/svg/bh.svg,BHR,0.0,0.0,0.0,46.8805974018,2695.189344342899,10543.2776188547,17727.8070048069,6243.834763699701,8603.906705800999,0.0,0.0,0.0,2.85653163725679e-05,0.0016422345399159253,0.00642423683736665,0.010801918997403622,0.0038044974955091246,0.005242538079982475,0.0,0.0,0.0,0.0285653163725679,1.6422345399159253,6.424236837366649,10.801918997403622,3.8044974955091244,5.2425380799824755
Bolivia,11513100,Americas,https://public.flourish.studio/country-flags/svg/bo.svg,BOL,0.0,0.0,0.0,0.0,0.0,0.0,35.3997215486,0.0,0.0,0.0,0.0,0.0,0.0,0.0,0.0,3.074734133170041e-06,0.0,0.0,0.0,0.0,0.0,0.0,0.0,0.0,0.003074734133170041,0.0,0.0
Brazil,211049527,Americas,https://public.flourish.studio/country-flags/svg/br.svg,BRA,0.0,145.427197915,721.2928235748999,4230.174690902099,9758.1561197944,29175.64147854979,58740.84648694251,87352.14986675118,85706.83260667011,0.0,6.890666848781897e-07,3.4176471931865544e-06,2.004351656709517e-05,4.62363325732277e-05,0.0001382407337901771,0.000278327306968769,0.0004138940802589488,0.0004060981980152465,0.0,0.0006890666848781898,0.0034176471931865546,0.02004351656709517,0.0462363325732277,0.1382407337901771,0.278327306968769,0.4138940802589488,0.4060981980152465
Canada,37589262,Americas,https://public.flourish.studio/country-flags/svg/ca.svg,CAN,110518.0148174312,149358.0365411979,141048.8511625318,151624.4058835879,173925.226934863,207418.0351984741,239207.0069635579,266811.7735712755,252050.1129293654,0.0029401485673603064,0.003973422956300602,0.003752370854275665,0.004033715955465896,0.004626992329215269,0.005518012968663074,0.006363705862689134,0.007098084915082278,0.006705375405597625,2.9401485673603065,3.973422956300602,3.752370854275665,4.033715955465896,4.626992329215269,5.518012968663074,6.363705862689135,7.0980849150822785,6.705375405597625
Switzerland,8574832,Europe,https://public.flourish.studio/country-flags/svg/ch.svg,CHE,0.0,5.0623874073,0.0,0.0,0.0,0.0,0.0,35.561983714,0.0,0.0,5.903774449808463e-07,0.0,0.0,0.0,0.0,0.0,4.1472513646914595e-06,0.0,0.0,0.0005903774449808462,0.0,0.0,0.0,0.0,0.0,0.0041472513646914596,0.0
Chile,18952038,Americas,https://public.flourish.studio/country-flags/svg/cl.svg,CHL,146810.1784604257,113697.5988264803,121056.373458025,118151.0594450818,112574.8533719544,103572.5024662712,107925.2228253138,108843.9169044596,91066.18524208869,0.007746405872572949,0.0059992280949669,0.006387512174575895,0.006234213937576624,0.00593998668491243,0.005464979674812344,0.005694649980403891,0.0057431246657726,0.004805086674166055,7.746405872572949,5.999228094966901,6.387512174575895,6.234213937576624,5.93998668491243,5.464979674812344,5.6946499804038915,5.7431246657726,4.805086674166055
China,1397715000,Asia,https://public.flourish.studio/country-flags/svg/cn.svg,CHN,400903.3580795265,2143734.005167353,2964306.059707805,3391262.134814309,4319167.429118863,4715271.006878891,5054169.599203,5643627.39872965,5413257.043250465,0.0002868276852430764,0.0015337418609425763,0.0021208229572608184,0.002426290148431053,0.003090163179989385,0.0033735568459084225,0.0036160230084123016,0.004037752616756385,0.003872933354260679,0.2868276852430764,1.5337418609425764,2.1208229572608186,2.4262901484310526,3.0901631799893847,3.3735568459084226,3.6160230084123017,4.037752616756385,3.8729333542606788
Cote d'Ivoire,25716544,Africa,https://public.flourish.studio/country-flags/svg/ci.svg,CIV,0.0,0.0,0.0,78.48668796479998,3319.2470486626,3350.2008361122,3153.551129900201,6256.496508901801,6776.737320977,0.0,0.0,0.0,3.0519920547955426e-06,0.00012907049441256957,0.00013027414710593303,0.00012262733009148511,0.00024328683157821674,0.00026351664208756046,0.0,0.0,0.0,0.0030519920547955426,0.12907049441256957,0.13027414710593302,0.12262733009148512,0.24328683157821673,0.2635166420875605
Cameroon,25876380,Africa,https://public.flourish.studio/country-flags/svg/cm.svg,CMR,0.0,260.5829462936,72.7582779396,428.7608094572,827.9729900568,815.2393872084,962.1368669251999,9301.8846367516,81456.8510709145,0.0,1.007030142135801e-05,2.8117641625142313e-06,1.6569582354919818e-05,3.199724961748127e-05,3.150515594563073e-05,3.7182050461664263e-05,0.0003594739541138134,0.0031479229734187896,0.0,0.01007030142135801,0.0028117641625142313,0.01656958235491982,0.03199724961748127,0.031505155945630726,0.037182050461664264,0.35947395411381344,3.1479229734187895
Colombia,50339443,Americas,https://public.flourish.studio/country-flags/svg/co.svg,COL,3550.1498175296,6931.849505756899,20273.6677256617,34935.94010578509,40269.1984518071,37317.3548947295,38165.5756872977,36973.26929108109,29031.2694451345,7.052421731264687e-05,0.00013770214950048016,0.00040273921437036363,0.0006940072838268213,0.0007999531987631865,0.0007413144180941672,0.0007581644414956617,0.0007344791099711033,0.0005767101842015713,0.07052421731264687,0.13770214950048015,0.40273921437036364,0.6940072838268213,0.7999531987631865,0.7413144180941672,0.7581644414956618,0.7344791099711033,0.5767101842015714
Costa Rica,5047561,Americas,https://public.flourish.studio/country-flags/svg/cr.svg,CRI,0.0,0.0,0.0,0.0,0.0,0.0,0.0,456.4301610714001,0.0,0.0,0.0,0.0,0.0,0.0,0.0,0.0,9.042588312878241e-05,0.0,0.0,0.0,0.0,0.0,0.0,0.0,0.0,0.09042588312878241,0.0
Cuba,11333483,Americas,https://public.flourish.studio/country-flags/svg/cu.svg,CUB,1135.4708736,0.0,0.0,0.0,0.0,5461.45489206,0.0,0.0,0.0,0.00010018728343263937,0.0,0.0,0.0,0.0,0.0004818867149719111,0.0,0.0,0.0,0.10018728343263937,0.0,0.0,0.0,0.0,0.4818867149719111,0.0,0.0,0.0
Cyprus,1198575,Asia,https://public.flourish.studio/country-flags/svg/cy.svg,CYP,14628.123668372,19177.0220417405,19412.8495590649,20664.5018579496,21961.1572562991,22751.66768391891,22098.418305725,26124.94672186791,27308.4660791524,0.012204596014744174,0.015999851525136517,0.01619660810467839,0.017240891773939553,0.018322722613352604,0.018982264509036905,0.01843724281394573,0.02179667248346404,0.022784111198007967,12.204596014744174,15.999851525136517,16.19660810467839,17.240891773939552,18.322722613352603,18.982264509036906,18.43724281394573,21.79667248346404,22.784111198007967
Czech Republic,10669709,Europe,https://public.flourish.studio/country-flags/svg/cz.svg,CZE,0.0,0.0,0.0,0.0,9.34756944,0.0,0.0,0.0,0.0,0.0,0.0,0.0,0.0,8.760847592000868e-07,0.0,0.0,0.0,0.0,0.0,0.0,0.0,0.0,0.0008760847592000868,0.0,0.0,0.0,0.0
Germany,83132799,Europe,https://public.flourish.studio/country-flags/svg/de.svg,DEU,66595.33806560171,90515.7914812482,110714.4280777444,116976.4631042087,126507.1770516639,135354.540495026,144997.2231233416,129906.2196019367,129691.1096985292,0.0008010717654965727,0.0010888096223158348,0.0013317779433571627,0.0014071036283069057,0.0015217480774545303,0.0016281725398783458,0.0017441638543090748,0.0015626349787878151,0.0015600474332462834,0.8010717654965727,1.0888096223158348,1.3317779433571626,1.4071036283069056,1.5217480774545302,1.6281725398783458,1.744163854309075,1.562634978787815,1.5600474332462835
Denmark,5818553,Europe,https://public.flourish.studio/country-flags/svg/dk.svg,DNK,114188.0684908987,189162.135237788,204328.5463620407,179956.859782123,212392.2497502465,220777.8082232873,254857.2717517684,236499.3224759671,233206.4636973829,0.019624822269539988,0.03251016794687408,0.035116728568432856,0.03092811215814705,0.036502589174704864,0.03794376509473873,0.04380079922822193,0.040645727980129616,0.04007980398174304,19.624822269539987,32.51016794687408,35.116728568432855,30.92811215814705,36.502589174704866,37.94376509473873,43.800799228221926,40.645727980129614,40.07980398174304
Algeria,43053054,Africa,https://public.flourish.studio/country-flags/svg/dz.svg,DZA,0.0,43.4053193274,50.9520016836,33.7316716413,56.06401455330001,371.8060170172,446.5006422335,514.2545620051999,543.441492244,0.0,1.008182121700356e-06,1.183470089801295e-06,7.834907981510439e-07,1.302207610017631e-06,8.63599634574588e-06,1.0370940055344274e-05,1.1944670917078261e-05,1.2622600297855756e-05,0.0,0.001008182121700356,0.0011834700898012951,0.0007834907981510439,0.0013022076100176311,0.00863599634574588,0.010370940055344275,0.011944670917078262,0.012622600297855757
Ecuador,17373662,Americas,https://public.flourish.studio/country-flags/svg/ec.svg,ECU,9186.9201165207,11054.0742939883,15814.1372130697,36132.482384003,25193.0080973222,24421.638754268,32890.0764618144,37217.5664853248,57840.23816514721,0.0005287843240256833,0.0006362547109520319,0.0009102362652772744,0.0020797274854318566,0.001450068966307863,0.001405670189409003,0.0018930998232735505,0.0021421831784988565,0.0033291909423095265,0.5287843240256833,0.6362547109520319,0.9102362652772743,2.0797274854318566,1.450068966307863,1.405670189409003,1.8930998232735505,2.1421831784988563,3.3291909423095265
"Egypt, Arab Rep.",100388073,Africa,https://public.flourish.studio/country-flags/svg/eg.svg,EGY,0.0,0.0,0.0,0.0,0.0,0.0,157.1321678236,214.4715312933,129.037545531,0.0,0.0,0.0,0.0,0.0,0.0,1.5652473757873608e-06,2.1364244265680845e-06,1.2853872145847445e-06,0.0,0.0,0.0,0.0,0.0,0.0,0.0015652473757873607,0.0021364244265680847,0.0012853872145847445
Spain,47076781,Europe,https://public.flourish.studio/country-flags/svg/es.svg,ESP,226284.614873645,466350.3957338189,544325.6639181259,556248.4280975083,545913.4497406827,569101.0357853092,576696.0888575403,603401.8792055213,600728.1970897444,0.004806713842087993,0.009906165753640183,0.01156250814851011,0.011815770243456286,0.011596235726921998,0.012088783975805591,0.012250117289403034,0.01281739886177692,0.01276060478922177,4.8067138420879925,9.906165753640183,11.56250814851011,11.815770243456287,11.596235726921998,12.088783975805592,12.250117289403034,12.817398861776919,12.76060478922177
Estonia,1326590,Europe,https://public.flourish.studio/country-flags/svg/ee.svg,EST,34600.2629271989,37191.55858722371,32900.4315664812,33990.7997047755,35283.86549837519,36822.936802292,46834.45045505201,52879.62938732639,51064.12436564129,0.026082107453847005,0.02803545827062145,0.024800753485614398,0.025622686515634444,0.02659741555294039,0.02775758659592791,0.03530438979266541,0.03986132066978222,0.03849277046083665,26.082107453847005,28.03545827062145,24.800753485614397,25.622686515634445,26.59741555294039,27.757586595927908,35.30438979266541,39.86132066978222,38.49277046083665
Finland,5520314,Europe,https://public.flourish.studio/country-flags/svg/fi.svg,FIN,4423.649933134299,18314.4580950849,25927.06891045819,30839.8208350997,40905.05034744619,32861.40048235159,27907.712652556,29898.7503475576,29347.8151641137,0.000801340273965267,0.0033176478901535134,0.004696665608235001,0.00558660627549442,0.007409913701910106,0.005952813641099328,0.005055457470817059,0.005416132188777233,0.005316330767437088,0.8013402739652671,3.3176478901535136,4.6966656082350005,5.58660627549442,7.4099137019101065,5.952813641099327,5.055457470817059,5.416132188777233,5.316330767437088
France,67059887,Europe,https://public.flourish.studio/country-flags/svg/fr.svg,FRA,148596.7953798449,440922.9789695465,454602.3409020689,486907.465161752,534000.517385751,551084.9901755115,567839.0314232974,582793.819983511,534175.2168831767,0.0022158819829184158,0.006575062957823751,0.006779050207795144,0.0072607856491281,0.007963039326113851,0.008217803739745512,0.008467640743613203,0.008690647211849775,0.00796564445274381,2.215881982918416,6.575062957823751,6.779050207795144,7.2607856491281,7.963039326113851,8.217803739745513,8.467640743613202,8.690647211849775,7.965644452743811
United Kingdom,66834405,Europe,https://public.flourish.studio/country-flags/svg/gb.svg,GBR,99142.52034495087,277903.3221195361,313964.5011540067,357276.5580788798,379602.1814702509,398946.4609005195,423961.4695457045,423630.4187238503,372927.0983962596,0.0014834054458171787,0.0041580877711043605,0.0046976478829130995,0.005345698193600733,0.005679742065037474,0.0059691780139363776,0.0063434614184970225,0.006338508119042135,0.00557986711180057,1.4834054458171786,4.158087771104361,4.6976478829131,5.345698193600733,5.679742065037474,5.969178013936378,6.343461418497022,6.338508119042135,5.57986711180057
Georgia,3720382,Asia,https://public.flourish.studio/country-flags/svg/ge.svg,GEO,0.0,389.6343580211999,377.9907537642,883.7409390429999,250.6033624842,931.8059724891,2997.030780084699,49370.664119762,48745.57239006119,0.0,0.00010472966432511497,0.00010159998456185414,0.00023754037597295113,6.735957825949056e-05,0.00025045975722092515,0.0008055707129226781,0.013270321198135567,0.013102303040403161,0.0,0.10472966432511498,0.10159998456185414,0.23754037597295113,0.06735957825949056,0.25045975722092517,0.805570712922678,13.270321198135568,13.10230304040316
Ghana,30417856,Africa,https://public.flourish.studio/country-flags/svg/gh.svg,GHA,5125.9890592129,3073.14272537,10786.8694124787,17096.014529648,37166.3102628725,49536.23521652199,61952.15964442322,71987.24593052141,69873.6968256211,0.0001685190783733377,0.00010103087888147014,0.00035462293635944297,0.0005620387751736349,0.001221858314500289,0.0016285248775101701,0.0020367036928711614,0.002366611438048803,0.0022971276090471694,0.16851907837333768,0.10103087888147014,0.354622936359443,0.5620387751736349,1.221858314500289,1.6285248775101702,2.0367036928711615,2.3666114380488033,2.2971276090471693
Guinea,12771246,Africa,https://public.flourish.studio/country-flags/svg/gn.svg,GIN,0.0,0.0,0.0,0.0,5927.8724016252,6985.1826526027,3402.513415744,28790.7779908165,33454.3159375211,0.0,0.0,0.0,0.0,0.0004641577181760652,0.0005469460577771895,0.0002664198478162585,0.002254343702315068,0.0026195029003059766,0.0,0.0,0.0,0.0,0.4641577181760652,0.5469460577771895,0.2664198478162585,2.254343702315068,2.6195029003059767
"Gambia, The",2347706,Africa,https://public.flourish.studio/country-flags/svg/gm.svg,GMB,0.0,0.0,0.0,0.0,0.0,0.0,509.4389325472999,61.3237040404,76.6867518627,0.0,0.0,0.0,0.0,0.0,0.0,0.00021699434790697808,2.6120691449610812e-05,3.266454652443705e-05,0.0,0.0,0.0,0.0,0.0,0.0,0.21699434790697808,0.026120691449610812,0.03266454652443705
Guinea-Bissau,1920922,Africa,https://public.flourish.studio/country-flags/svg/gw.svg,GNB,0.0,0.0,0.0,0.0,0.0,21195.7695068156,40072.2185134598,35409.3784748047,32515.1798319786,0.0,0.0,0.0,0.0,0.0,0.011034164587013735,0.020860929550215884,0.018433532686285385,0.01692686107607628,0.0,0.0,0.0,0.0,0.0,11.034164587013736,20.860929550215882,18.433532686285385,16.92686107607628
Equatorial Guinea,1355986,Africa,https://public.flourish.studio/country-flags/svg/gq.svg,GNQ,0.0,0.0,4.8170617797,0.0,0.0,1.8257013748,40.69211635489999,203.1700834881,7.5627990606,0.0,0.0,3.5524421193876638e-06,0.0,0.0,1.3464013454416195e-06,3.000924519493563e-05,0.00014983199198819163,5.577343026107939e-06,0.0,0.0,0.0035524421193876637,0.0,0.0,0.0013464013454416194,0.03000924519493563,0.14983199198819164,0.005577343026107939
Greece,10716322,Europe,https://public.flourish.studio/country-flags/svg/gr.svg,GRC,11023.1952721485,33922.21864121417,61684.62290787729,56329.1537422523,62179.18698235125,73446.90356789752,69340.22355333455,63611.86087160953,60733.02890250261,0.001028636063021296,0.0031654721313165253,0.005756137498283207,0.005256388688418686,0.005802288040836329,0.006853741756537132,0.006470524453570409,0.005935978862114216,0.00566733893424466,1.0286360630212958,3.165472131316525,5.7561374982832065,5.256388688418686,5.802288040836329,6.853741756537133,6.470524453570409,5.935978862114216,5.66733893424466
Guatemala,16604026,Americas,https://public.flourish.studio/country-flags/svg/gt.svg,GTM,0.0,0.0,62.76416941440001,211.1548655232,1261.7236992576,5410.2681929424,3165.8089468128,3166.742921588,3552.6138527326,0.0,0.0,3.780057283360072e-06,1.2717088344911046e-05,7.598902213581212e-05,0.00032584074446416787,0.00019066514029867214,0.00019072139019705222,0.00021396099070987966,0.0,0.0,0.0037800572833600722,0.012717088344911047,0.07598902213581213,0.3258407444641679,0.19066514029867215,0.19072139019705223,0.21396099070987964
"Hong Kong SAR, China",7507400,Asia,https://public.flourish.studio/country-flags/svg/hk.svg,HKG,8.2503788235,95.9299344135,491.7355655553,1689.5347904528,911.5724085411,1225.9210156447,1516.6791579892,1128.685504667,1511.729365383,1.0989661964861338e-06,1.2778050245557716e-05,6.550011529361697e-05,0.00022504925679367026,0.00012142318359766364,0.00016329501766852706,0.0002020245568358153,0.00015034306213429418,0.00020136523501918107,0.0010989661964861338,0.012778050245557716,0.06550011529361698,0.22504925679367027,0.12142318359766363,0.16329501766852705,0.2020245568358153,0.1503430621342942,0.20136523501918108
Honduras,9746117,Americas,https://public.flourish.studio/country-flags/svg/hn.svg,HND,586.6948650015,198.4640547952,331.7037559774,146.3091424416,199.8918489212,102.1528878912,424.3901531496,464.3970522714,1485.7796088978,6.0197806470156274e-05,2.0363397524901456e-05,3.403445248783695e-05,1.5012044534413037e-05,2.0509896292154095e-05,1.0481393553063234e-05,4.3544537085856856e-05,4.7649443595988024e-05,0.00015244836573353264,0.060197806470156275,0.020363397524901457,0.03403445248783695,0.015012044534413037,0.020509896292154096,0.010481393553063234,0.04354453708585686,0.04764944359598802,0.15244836573353263
Croatia,4067500,Europe,https://public.flourish.studio/country-flags/svg/hr.svg,HRV,356.4383198565,15354.68757534759,52803.60700596981,64338.33628786971,67017.43494570201,63778.92675682722,56904.86272464268,60722.1717199821,54402.7333856925,8.763081004462201e-05,0.0037749692871168017,0.012981833314313414,0.015817661041885606,0.016476320822545056,0.01568012950382968,0.013990132200280928,0.014928622426547536,0.013374980549647818,0.087630810044622,3.7749692871168015,12.981833314313414,15.817661041885607,16.476320822545055,15.680129503829681,13.990132200280929,14.928622426547536,13.374980549647818
Hungary,9769949,Europe,https://public.flourish.studio/country-flags/svg/hu.svg,HUN,0.0,0.0,0.0,0.0,0.0,0.0,797.4964430565,1151.7442481406,136.0156546251,0.0,0.0,0.0,0.0,0.0,0.0,8.162749294356602e-05,0.00011788641354633478,1.3921838755258601e-05,0.0,0.0,0.0,0.0,0.0,0.0,0.08162749294356603,0.11788641354633478,0.013921838755258601
Indonesia,270625568,Asia,https://public.flourish.studio/country-flags/svg/id.svg,IDN,0.0,182.1943187717,332.004083698,392.9479380106,1068.0066707967,1302.9298094874,2217.8396662902,4761.985154989299,195734.7646395711,0.0,6.73233945033974e-07,1.2268023533460075e-06,1.4519985709945928e-06,3.946436689960869e-06,4.814511131067261e-06,8.195233298467202e-06,1.759621306361304e-05,0.0007232678201328379,0.0,0.000673233945033974,0.0012268023533460075,0.0014519985709945929,0.003946436689960869,0.004814511131067261,0.008195233298467202,0.01759621306361304,0.723267820132838
India,1366417754,Asia,https://public.flourish.studio/country-flags/svg/in.svg,IND,2182.4347582648,1679.9520654939,2425.1534570293,5079.148178076799,4326.491657851499,11706.8604363972,34179.71363840222,46550.42388002632,25050.81912942899,1.5971943806175108e-06,1.2294571411825347e-06,1.774825780717498e-06,3.717126891251443e-06,3.1663022858026325e-06,8.567555860663386e-06,2.5014102413662157e-05,3.406749051946695e-05,1.8333206704974496e-05,0.0015971943806175107,0.0012294571411825346,0.0017748257807174979,0.003717126891251443,0.0031663022858026326,0.008567555860663385,0.025014102413662156,0.03406749051946695,0.018333206704974497
Ireland,4941444,Europe,https://public.flourish.studio/country-flags/svg/ie.svg,IRL,27305.8254480019,93931.30685293738,104539.3076978241,95197.97474235407,103359.2792603594,92917.57115419897,99329.01852606189,99447.50410513536,86891.46447421765,0.005525879772795543,0.019008878144311132,0.021155619227461467,0.01926521371938123,0.020916816877892253,0.018803728455528176,0.02010121303126412,0.02012519095736699,0.017584225273870886,5.525879772795543,19.008878144311133,21.155619227461468,19.265213719381233,20.916816877892252,18.803728455528177,20.10121303126412,20.12519095736699,17.584225273870885
"Iran, Islamic Rep.",82913906,Asia,https://public.flourish.studio/country-flags/svg/ir.svg,IRN,1250.365349523,5618.5495808674,5753.0442774903,4623.059297133201,13969.261053587,15524.0686534131,18309.4316950287,11058.042824568,16826.61358090339,1.5080285199963926e-05,6.776365813555329e-05,6.938575873497384e-05,5.575734542204779e-05,0.00016847910956681983,0.0001872311823473025,0.00022082461891288416,0.00013336777095711785,0.00020294078994304514,0.015080285199963926,0.0677636581355533,0.06938575873497384,0.05575734542204779,0.16847910956681983,0.18723118234730252,0.22082461891288416,0.13336777095711785,0.20294078994304515
Iraq,39309783,Asia,https://public.flourish.studio/country-flags/svg/iq.svg,IRQ,0.0,0.0,0.0,0.0,0.0,0.0,0.0,545.8538957982,548.28412815,0.0,0.0,0.0,0.0,0.0,0.0,0.0,1.3885955457912348e-05,1.394777804166459e-05,0.0,0.0,0.0,0.0,0.0,0.0,0.0,0.013885955457912347,0.013947778041664591
Israel,9053300,Asia,https://public.flourish.studio/country-flags/svg/il.svg,ISR,0.0,2908.0825252893,6439.268754914399,7547.6894632617,4413.9534894675,4962.593346314499,5105.4391478311,4138.250234547199,3162.3462995734,0.0,0.00032121795646773,0.0007112620541586382,0.0008336948364973767,0.00048755188599378124,0.0005481529769602796,0.0005639312900081848,0.0004570985424703919,0.0003493031601265174,0.0,0.32121795646773,0.7112620541586382,0.8336948364973767,0.48755188599378124,0.5481529769602796,0.5639312900081849,0.45709854247039194,0.34930316012651735
Italy,60297396,Europe,https://public.flourish.studio/country-flags/svg/it.svg,ITA,29371.31831006351,223249.1350938927,361656.9790469368,434969.0966245689,465688.1236611859,494875.9605460027,447811.2219331985,449945.9053111785,422367.607102238,0.00048710757443096733,0.003702467268966187,0.005997887189803964,0.007213729372733922,0.007723187974173643,0.008207252607492416,0.007426709139034769,0.00746211171890704,0.007004740421994973,0.48710757443096736,3.702467268966187,5.997887189803964,7.213729372733922,7.723187974173643,8.207252607492416,7.426709139034769,7.46211171890704,7.004740421994972
Jamaica,2948279,Americas,https://public.flourish.studio/country-flags/svg/jm.svg,JAM,0.0,0.0,0.0,0.0,0.0,0.0,0.0,0.0,37.1184618363,0.0,0.0,0.0,0.0,0.0,0.0,0.0,0.0,1.2589874240633265e-05,0.0,0.0,0.0,0.0,0.0,0.0,0.0,0.0,0.012589874240633264
Jordan,10101694,Asia,https://public.flourish.studio/country-flags/svg/jo.svg,JOR,0.0,0.0,0.0,0.0,0.0,31.7008789,0.0,0.0,0.0,0.0,0.0,0.0,0.0,0.0,3.13817453785474e-06,0.0,0.0,0.0,0.0,0.0,0.0,0.0,0.0,0.00313817453785474,0.0,0.0,0.0
Japan,126264931,Asia,https://public.flourish.studio/country-flags/svg/jp.svg,JPN,273692.2216473392,323178.4885598316,394394.068262128,540436.1334909976,702783.1405736211,745771.1215238388,788976.6251714652,758928.3790018408,778244.2191621504,0.002167602829065334,0.0025595269090182417,0.0031235440049630883,0.004280176048969587,0.005565940875329993,0.005906399469887952,0.006248580812763167,0.006010603047031648,0.00616358170870224,2.167602829065334,2.5595269090182415,3.1235440049630885,4.2801760489695875,5.565940875329993,5.906399469887952,6.248580812763167,6.0106030470316485,6.16358170870224
Kazakhstan,18513930,Asia,https://public.flourish.studio/country-flags/svg/kz.svg,KAZ,0.0,0.0,0.0,0.0,0.0,0.0,760.6824463812001,0.0,0.0,0.0,0.0,0.0,0.0,0.0,0.0,4.10870326495347e-05,0.0,0.0,0.0,0.0,0.0,0.0,0.0,0.0,0.0410870326495347,0.0,0.0
Kenya,52573973,Africa,https://public.flourish.studio/country-flags/svg/ke.svg,KEN,0.0,0.0,240.6352907078,0.0,139.5377910058,500.7578177898,400.9735152676001,1837.4521771628,2300.2962959574,0.0,0.0,4.577080197226107e-06,0.0,2.6541230012386545e-06,9.524823581238572e-06,7.626844470506349e-06,3.494984442516452e-05,4.3753518417894726e-05,0.0,0.0,0.004577080197226107,0.0,0.0026541230012386546,0.009524823581238573,0.007626844470506349,0.034949844425164515,0.043753518417894724
Cambodia,16486542,Asia,https://public.flourish.studio/country-flags/svg/kh.svg,KHM,4839.2720240913,3703.957056755301,3444.7962589625,3624.01096,2989.4336265,0.0,0.0,0.0,0.0,0.00029352862620259,0.0002246654912082413,0.00020894595476495312,0.0002198163180611192,0.00018132569137299987,0.0,0.0,0.0,0.0,0.29352862620258996,0.2246654912082413,0.20894595476495312,0.2198163180611192,0.18132569137299986,0.0,0.0,0.0,0.0
"Korea, Rep.",51709098,Asia,https://public.flourish.studio/country-flags/svg/kr.svg,KOR,645619.1975185038,658536.4451401504,683852.2207775201,718566.1020126182,721742.4393131403,833139.5562320722,888678.0624508488,982926.1730266603,966830.8056599138,0.012485601615377312,0.0127354077060124,0.013224988391356586,0.013896318632605391,0.013957745681681401,0.01611204968673157,0.01718610644592657,0.01900876656225294,0.01869749895192358,12.485601615377313,12.735407706012401,13.224988391356586,13.896318632605391,13.9577456816814,16.11204968673157,17.18610644592657,19.008766562252937,18.69749895192358
Liberia,4937374,Africa,https://public.flourish.studio/country-flags/svg/lr.svg,LBR,2515.2188549774,1640.9103655782,227.8449848754,0.0,5390.776869041401,9791.2522405743,10248.938933064,9744.4578672858,18903.5197300609,0.0005094244136614727,0.0003323447576744642,4.614699734624114e-05,0.0,0.0010918307726012657,0.0019830890348947233,0.0020757874394493918,0.001973611451610877,0.003828658661478936,0.5094244136614726,0.33234475767446425,0.046146997346241135,0.0,1.0918307726012657,1.9830890348947234,2.0757874394493916,1.973611451610877,3.828658661478936
Libya,6777452,Africa,https://public.flourish.studio/country-flags/svg/ly.svg,LBY,0.0,0.0,0.0,44.1367385455,709.0714558560001,711.0552214781,629.9846394497,1698.4924899389,1496.7859114179,0.0,0.0,0.0,6.512290835184078e-06,0.00010462212876697616,0.00010491482956693754,9.29530212017289e-05,0.0002506092982936508,0.00022084788079914104,0.0,0.0,0.0,0.006512290835184079,0.10462212876697616,0.10491482956693754,0.09295302120172891,0.2506092982936508,0.22084788079914106
Sri Lanka,21803000,Asia,https://public.flourish.studio/country-flags/svg/lk.svg,LKA,0.0,0.0,0.0,0.0,596.3526505850999,9628.484993004,44009.39367521878,47463.01339912282,37613.3924491686,0.0,0.0,0.0,0.0,2.7351862155900562e-05,0.00044161285112158876,0.002018501750915873,0.0021769028757108112,0.0017251475691037288,0.0,0.0,0.0,0.0,0.02735186215590056,0.44161285112158877,2.018501750915873,2.176902875710811,1.7251475691037288
Lesotho,2125268,Africa,https://public.flourish.studio/country-flags/svg/ls.svg,LSO,0.0,0.0,0.0,0.0,6.659777665599999,0.0,0.0,0.0,0.0,0.0,0.0,0.0,0.0,3.133617814600323e-06,0.0,0.0,0.0,0.0,0.0,0.0,0.0,0.0,0.003133617814600323,0.0,0.0,0.0,0.0
Lithuania,2786844,Europe,https://public.flourish.studio/country-flags/svg/lt.svg,LTU,17393.5643916512,30162.1228306706,42702.4436506115,53581.09854445561,37244.93442834791,49413.13350889221,45062.12870615999,36086.54198958689,87249.16680863299,0.006241312535488604,0.010823039549637726,0.015322868323670611,0.019226443440844055,0.013364556619727515,0.01773085738164469,0.016169591375103876,0.012948892004571081,0.031307517323765875,6.241312535488603,10.823039549637725,15.322868323670612,19.226443440844054,13.364556619727516,17.73085738164469,16.169591375103877,12.948892004571082,31.307517323765875
Latvia,1912789,Europe,https://public.flourish.studio/country-flags/svg/lv.svg,LVA,7368.456781558801,13208.9177455864,13552.7590938427,33305.77228196501,37236.53615453501,13261.532447985,19231.7166737,12549.165194285,41375.74632843001,0.003852205748547697,0.006905580147933933,0.007085339310212836,0.017412151722937034,0.019467142562266414,0.006933086946853522,0.010054280254487034,0.006560663614379318,0.02163110846435755,3.852205748547697,6.905580147933933,7.085339310212836,17.412151722937033,19.467142562266414,6.933086946853521,10.054280254487034,6.560663614379318,21.63110846435755
Morocco,36471769,Africa,https://public.flourish.studio/country-flags/svg/ma.svg,MAR,9287.3588915545,26139.2509044941,35311.8282054749,50503.05599233271,84706.8032151056,98046.3377118366,106568.1187410169,116293.9424939744,109852.1033511628,0.0002546451446200622,0.0007166981920864354,0.0009681962014366481,0.0013847163813834396,0.002322530700803287,0.0026882802891144823,0.0029219344622690743,0.0031886016412851926,0.003011976286402856,0.2546451446200622,0.7166981920864354,0.9681962014366481,1.3847163813834396,2.322530700803287,2.6882802891144824,2.9219344622690744,3.1886016412851927,3.011976286402856
Madagascar,26969307,Africa,https://public.flourish.studio/country-flags/svg/mg.svg,MDG,0.0,0.0,0.0,0.0,0.0,0.0,6569.8217773813,17032.3327808707,12790.3257918844,0.0,0.0,0.0,0.0,0.0,0.0,0.00024360365571800938,0.0006315450664294303,0.0004742548924925805,0.0,0.0,0.0,0.0,0.0,0.0,0.24360365571800938,0.6315450664294303,0.4742548924925805
Mexico,127575529,Americas,https://public.flourish.studio/country-flags/svg/mx.svg,MEX,3787.649761985499,9903.5933733146,9764.2276413653,64665.210685455,111720.4647859667,99371.78084378869,97796.27577961299,98361.23207984371,86105.35024087281,2.968946938080499e-05,7.76292557902276e-05,7.653683835687093e-05,0.0005068778565319921,0.0008757201766019461,0.0007789250934149658,0.0007665755066523219,0.0007710039131395153,0.0006749362586681714,0.029689469380804988,0.07762925579022761,0.07653683835687093,0.5068778565319921,0.8757201766019461,0.7789250934149659,0.7665755066523219,0.7710039131395153,0.6749362586681714
Mali,19658031,Africa,https://public.flourish.studio/country-flags/svg/ml.svg,MLI,594.659171542,0.0,0.0,0.0,0.0,0.0,0.0,0.0,0.0,3.0250189937232266e-05,0.0,0.0,0.0,0.0,0.0,0.0,0.0,0.0,0.030250189937232268,0.0,0.0,0.0,0.0,0.0,0.0,0.0,0.0
Myanmar,54045420,Asia,https://public.flourish.studio/country-flags/svg/mm.svg,MMR,0.0,0.0,0.0,0.0,0.0,0.0,0.0,0.0,69.6789653048,0.0,0.0,0.0,0.0,0.0,0.0,0.0,0.0,1.2892667927236017e-06,0.0,0.0,0.0,0.0,0.0,0.0,0.0,0.0,0.0012892667927236017
Mongolia,3225167,Asia,https://public.flourish.studio/country-flags/svg/mn.svg,MNG,0.0,12.6780902754,16.243234667,6.9674723925,19.4455828369,0.0,0.0,0.0,0.0,0.0,3.9309872249716065e-06,5.036401112562543e-06,2.160344686802265e-06,6.029325872706747e-06,0.0,0.0,0.0,0.0,0.0,0.003930987224971607,0.005036401112562543,0.002160344686802265,0.0060293258727067475,0.0,0.0,0.0,0.0
Mozambique,30366036,Africa,https://public.flourish.studio/country-flags/svg/mz.svg,MOZ,0.0,0.0,9.37303672,1804.9063954412,9485.895385376001,17569.2419905233,23056.24904732471,20530.9064787639,22272.709451623,0.0,0.0,3.0866843206008185e-07,5.9438327592090054e-05,0.00031238504048984204,0.0005785820049256116,0.000759277537816418,0.0006761141453815012,0.0007334743807727489,0.0,0.0,0.00030866843206008184,0.05943832759209006,0.31238504048984206,0.5785820049256116,0.7592775378164179,0.6761141453815013,0.7334743807727488
Mauritania,4525696,Africa,https://public.flourish.studio/country-flags/svg/mr.svg,MRT,0.0,7.497734981399999,2209.8105112065,3306.8986011308,3573.1163072703,3954.2134194669,5304.6944659111,7957.934187393099,6482.830144852001,0.0,1.6567031858525183e-06,0.00048828081055521627,0.0007306939310839261,0.0007895175255408891,0.0008737249297051548,0.0011721278817470506,0.0017583890273215653,0.0014324493171551957,0.0,0.0016567031858525183,0.48828081055521627,0.7306939310839261,0.7895175255408892,0.8737249297051548,1.1721278817470506,1.7583890273215654,1.4324493171551957
Mauritius,1265711,Africa,https://public.flourish.studio/country-flags/svg/mu.svg,MUS,0.0,0.0,291.0282443316,2855.0136053021,5579.316024913601,14002.1567725391,18346.5268014833,16486.7241644024,13238.2629648964,0.0,0.0,0.00022993261837149238,0.002255659945518448,0.004408048934483149,0.011062680795646953,0.01449503622982126,0.013025662386123214,0.0104591513899274,0.0,0.0,0.22993261837149237,2.255659945518448,4.4080489344831495,11.062680795646953,14.49503622982126,13.025662386123214,10.4591513899274
Malawi,18628747,Africa,https://public.flourish.studio/country-flags/svg/mw.svg,MWI,0.0,0.0,0.0,0.0,0.0,0.0,0.0,442.6586353271,904.2003262974001,0.0,0.0,0.0,0.0,0.0,0.0,0.0,2.37621261015086e-05,4.853790361194986e-05,0.0,0.0,0.0,0.0,0.0,0.0,0.0,0.023762126101508598,0.04853790361194986
Malaysia,31949777,Asia,https://public.flourish.studio/country-flags/svg/my.svg,MYS,1236.9364306582,7835.012339450501,7181.838184100499,14345.5244458362,16503.5522533112,29717.9156814891,46598.42961193247,50296.31739656117,50629.99984008999,3.871502548071619e-05,0.0002452290148832807,0.00022478523665753596,0.00044900233406437235,0.0005165467118381202,0.000930144698083154,0.001458489979818403,0.0015742306244128455,0.0015846745922542744,0.03871502548071619,0.24522901488328072,0.22478523665753597,0.44900233406437234,0.5165467118381203,0.930144698083154,1.458489979818403,1.5742306244128454,1.5846745922542744
Namibia,2494530,Africa,https://public.flourish.studio/country-flags/svg/na.svg,NAM,3631.3480319655,4960.451107068499,22806.7806423272,35878.3184426618,104996.5710152178,106632.9937509742,138324.1821431972,161259.0106317871,147733.1325988981,0.0014557243376369497,0.0019885313494199305,0.009142716520678124,0.014382796936762357,0.04209072290780941,0.042746727339809186,0.055450999644501044,0.06464504761690061,0.059222832597282095,1.4557243376369498,1.9885313494199304,9.142716520678125,14.382796936762357,42.09072290780941,42.74672733980918,55.450999644501046,64.64504761690061,59.22283259728209
Nigeria,200963599,Africa,https://public.flourish.studio/country-flags/svg/ng.svg,NGA,0.0,0.0,0.0,0.0,0.0,900.8450947559002,9553.821099889,6074.3336822085,4521.7061302587,0.0,0.0,0.0,0.0,0.0,4.482628193556088e-06,4.754005773895899e-05,3.022603950384318e-05,2.2500125160769537e-05,0.0,0.0,0.0,0.0,0.0,0.0044826281935560885,0.04754005773895899,0.030226039503843182,0.022500125160769536
Nicaragua,6545502,Americas,https://public.flourish.studio/country-flags/svg/ni.svg,NIC,1548.781913829,174.50988516,1066.214460384,2338.280133912,4541.960117447999,4392.287504813999,5160.192565107599,3159.9874105593,8743.0725032244,0.00023661774357856737,2.6661039162466074e-05,0.0001628926949199618,0.0003572346527297677,0.0006939055426838155,0.000671039059313403,0.0007883570374140286,0.0004827723542914355,0.0013357375038957136,0.23661774357856738,0.026661039162466073,0.1628926949199618,0.3572346527297677,0.6939055426838155,0.671039059313403,0.7883570374140286,0.4827723542914355,1.3357375038957136
Netherlands,17332850,Europe,https://public.flourish.studio/country-flags/svg/nl.svg,NLD,91539.13227822048,209600.0931367096,267838.2614890047,254663.2479326976,289501.6993703338,316897.0370455509,324859.668366735,293288.2858806115,269975.9041057918,0.005281251050936256,0.012092650264481005,0.015452638284471666,0.014692520152929125,0.016702486859941315,0.01828303118330516,0.018742426569590978,0.01692094986575269,0.01557596725903656,5.281251050936256,12.092650264481005,15.452638284471666,14.692520152929125,16.702486859941317,18.283031183305162,18.74242656959098,16.92094986575269,15.57596725903656
Norway,5347896,Europe,https://public.flourish.studio/country-flags/svg/no.svg,NOR,420702.1310346721,562661.1716645896,634802.3277487351,706911.8966960859,703262.1893443664,688726.0283119299,792306.7103348006,785412.313908747,785032.3554721774,0.07866684973579742,0.10521168916983231,0.1187013224918239,0.13218504935325703,0.1315025926727757,0.12878448427417621,0.1481529764854815,0.14686379725947307,0.1467927490497529,78.66684973579741,105.21168916983231,118.7013224918239,132.18504935325703,131.5025926727757,128.7844842741762,148.1529764854815,146.86379725947307,146.7927490497529
New Zealand,4917000,Oceania,https://public.flourish.studio/country-flags/svg/nz.svg,NZL,50936.96856112871,93863.37979777629,112680.5021575543,113495.6647888481,175087.8235604183,195544.4228052557,203010.4123569608,222007.8540024829,229679.6879086786,0.010359359072834801,0.01908956270038159,0.022916514573429796,0.023082299123214987,0.035608668611026704,0.039769050804404245,0.041287454211299736,0.04515107870703333,0.04671134592407537,10.3593590728348,19.08956270038159,22.916514573429797,23.082299123214987,35.6086686110267,39.769050804404245,41.28745421129974,45.151078707033335,46.711345924075374
Oman,4974986,Asia,https://public.flourish.studio/country-flags/svg/om.svg,OMN,0.0,0.0,507.4213796011,473.1699591319,734.7654277582999,743.1960947176999,0.0,0.0,0.0,0.0,0.0,0.00010199453417579466,9.510980716968851e-05,0.00014769195888356267,0.00014938657007631777,0.0,0.0,0.0,0.0,0.0,0.10199453417579467,0.0951098071696885,0.14769195888356268,0.14938657007631778,0.0,0.0,0.0
Pakistan,216565318,Asia,https://public.flourish.studio/country-flags/svg/pk.svg,PAK,0.0,0.0,0.0,0.0,0.0,0.0,0.0,92.123129428,0.0,0.0,0.0,0.0,0.0,0.0,0.0,0.0,4.2538265258151813e-07,0.0,0.0,0.0,0.0,0.0,0.0,0.0,0.0,0.00042538265258151815,0.0
Panama,4246439,Americas,https://public.flourish.studio/country-flags/svg/pa.svg,PAN,2950.2912172465,3029.0594972524,8098.041184159901,15244.1025206075,14358.4837093464,15897.5070309792,19177.3027996431,19922.9808109692,13590.7454203873,0.0006947683028642351,0.0007133175579002547,0.0019070193129254655,0.0035898555285045894,0.0033812998866453513,0.0037437266921717706,0.0045160904936213855,0.00469169127614201,0.0032005040977598643,0.6947683028642351,0.7133175579002548,1.9070193129254656,3.5898555285045894,3.381299886645351,3.7437266921717707,4.516090493621386,4.69169127614201,3.200504097759864
Peru,32510453,Americas,https://public.flourish.studio/country-flags/svg/pe.svg,PER,8500.121654675599,7935.852276184899,14504.2662494116,12236.8687052956,23966.21607219971,28108.9368808647,44638.0108646669,43243.1670698329,43904.96911594849,0.000261458111785634,0.00024410155946411754,0.0004461416224932824,0.00037639797591548785,0.0007371849316341334,0.0008646122796524767,0.0013730356468630845,0.0013301311756508869,0.001350487768224838,0.261458111785634,0.24410155946411755,0.4461416224932824,0.37639797591548785,0.7371849316341335,0.8646122796524767,1.3730356468630844,1.330131175650887,1.350487768224838
Philippines,108116615,Asia,https://public.flourish.studio/country-flags/svg/ph.svg,PHL,1488.5629637335,4560.0439702117,4556.308012972901,17106.4923192494,27794.6360867359,33755.9239279938,22934.7689021029,24117.8058195575,46142.8298135107,1.3768124018066049e-05,4.217708786213571e-05,4.214253297675756e-05,0.0001582226036141568,0.00025708015448630073,0.000312217728311174,0.00021212992010620106,0.00022307215056221932,0.0004267875923928131,0.013768124018066048,0.04217708786213571,0.04214253297675756,0.1582226036141568,0.2570801544863007,0.312217728311174,0.21212992010620105,0.22307215056221932,0.4267875923928131
Papua New Guinea,8776109,Oceania,https://public.flourish.studio/country-flags/svg/pg.svg,PNG,0.0,1422.56851949,8823.171618274,46953.7390346216,71068.5022893688,79750.6751928553,72252.57276688781,51625.9885363606,16849.7370155222,0.0,0.0001620955846708376,0.0010053625836089774,0.00535017728638302,0.008097951186496066,0.009087247570974255,0.008232870941653961,0.00588256008857235,0.0019199553031442752,0.0,0.16209558467083762,1.0053625836089775,5.35017728638302,8.097951186496067,9.087247570974256,8.232870941653962,5.88256008857235,1.919955303144275
Poland,37970874,Europe,https://public.flourish.studio/country-flags/svg/pl.svg,POL,30108.08993294251,26066.9339112032,30928.4979122132,34806.92374014022,37867.50213974409,43997.00658435098,45869.07039857903,57252.43537193691,69533.92877439297,0.0007929259129758906,0.000686498127780867,0.0008145321572585661,0.0009166742840878569,0.0009972776012409955,0.001158704078930366,0.001208006705312578,0.0015077987241467476,0.0018312438311109977,0.7929259129758907,0.6864981277808669,0.8145321572585661,0.9166742840878569,0.9972776012409955,1.158704078930366,1.208006705312578,1.5077987241467476,1.8312438311109978
"Korea, Dem. Peopleâ€™s Rep.",25666161,Asia,https://public.flourish.studio/country-flags/svg/kp.svg,PRK,0.0,36.5786239897,0.0,0.0,0.0,447.2871765592,219.7673324192,0.0,0.0,0.0,1.4251692720894253e-06,0.0,0.0,0.0,1.742711644952278e-05,8.56253229375441e-06,0.0,0.0,0.0,0.0014251692720894254,0.0,0.0,0.0,0.01742711644952278,0.008562532293754409,0.0,0.0
Portugal,10269417,Europe,https://public.flourish.studio/country-flags/svg/pt.svg,PRT,46780.77508766079,94345.06450538294,108367.7713298985,152313.6773048189,176420.8172395563,177856.1151348368,176465.2483475285,174619.333086721,153646.0004028235,0.004555348671464095,0.009186993234901547,0.010552475503711507,0.014831774511135239,0.01717924369412171,0.017319007995764198,0.01718357024040688,0.01700382145225196,0.014961511486272639,4.555348671464095,9.186993234901546,10.552475503711507,14.831774511135238,17.17924369412171,17.3190079957642,17.18357024040688,17.00382145225196,14.961511486272638
Qatar,2832067,Asia,https://public.flourish.studio/country-flags/svg/qa.svg,QAT,0.0,0.0,827.7993291565999,2385.0639669938,4852.095421009802,4056.5073349735,14256.6687837466,10935.5906265207,6445.940003065603,0.0,0.0,0.00029229510783346577,0.0008421636800943622,0.0017132699971468901,0.0014323486467564149,0.005034015361835225,0.00386134601565595,0.0022760549108003457,0.0,0.0,0.2922951078334658,0.8421636800943622,1.71326999714689,1.4323486467564148,5.034015361835225,3.86134601565595,2.2760549108003456
Romania,19356544,Europe,https://public.flourish.studio/country-flags/svg/ro.svg,ROU,0.0,278.19894435,531.107173806,509.452408014,436.39095345,764.794798249,547.136745651,463.5321801103,518.8396137445,0.0,1.4372345825267154e-05,2.7438119832032e-05,2.6319388833771154e-05,2.2544879574060328e-05,3.951091673436126e-05,2.8266241414324787e-05,2.3947052744038398e-05,2.6804351734715656e-05,0.0,0.014372345825267155,0.027438119832032,0.026319388833771152,0.022544879574060327,0.03951091673436126,0.028266241414324787,0.023947052744038397,0.026804351734715657
Russia,144373535,Europe,https://public.flourish.studio/country-flags/svg/ru.svg,RUS,1344865.345664683,1660256.283845025,1479029.495288433,1636401.631310239,1987311.072894113,2581424.384427459,2649552.631202227,2798792.850176992,2925422.902114069,0.009315179168153519,0.011499727313908503,0.010244464093010074,0.01133449860675808,0.013765064856894394,0.017880177169780173,0.01835206591846786,0.019385774894110558,0.02026287506303748,9.315179168153518,11.499727313908503,10.244464093010073,11.33449860675808,13.765064856894394,17.880177169780172,18.35206591846786,19.385774894110558,20.26287506303748
Saudi Arabia,34268528,Asia,https://public.flourish.studio/country-flags/svg/sa.svg,SAU,0.0,0.0,87.75706580970001,14.2003224924,0.0,42.5229681184,4221.448525221101,6215.264074211001,3683.873010768601,0.0,0.0,2.560864762259412e-06,4.143837894758713e-07,0.0,1.240875246185071e-06,0.00012318733168874662,0.00018136944995743618,0.000107500182405518,0.0,0.0,0.002560864762259412,0.0004143837894758713,0.0,0.001240875246185071,0.12318733168874661,0.18136944995743617,0.10750018240551801
Sudan,42813238,Africa,https://public.flourish.studio/country-flags/svg/sd.svg,SDN,0.0,49.5590313688,91.04932425479998,121.9816460204,57.04522283759999,0.0,0.0,0.0,0.0,0.0,1.1575632604289354e-06,2.1266628853159855e-06,2.849157216756182e-06,1.3324201929692864e-06,0.0,0.0,0.0,0.0,0.0,0.0011575632604289355,0.0021266628853159855,0.0028491572167561817,0.0013324201929692863,0.0,0.0,0.0,0.0
Senegal,16296364,Africa,https://public.flourish.studio/country-flags/svg/sn.svg,SEN,0.0,1125.658237737,4972.4806325748,13719.3945012733,22511.1370189231,44992.18877277328,54022.29511139141,79583.3744089185,105050.741507796,0.0,6.907419579833882e-05,0.0003051282256934615,0.0008418684377247158,0.0013813594872404114,0.0027608728408848307,0.0033149907004649264,0.004883504959076669,0.006446268720298344,0.0,0.06907419579833882,0.3051282256934615,0.8418684377247158,1.3813594872404114,2.7608728408848306,3.3149907004649264,4.883504959076669,6.446268720298344
Singapore,5703569,Asia,https://public.flourish.studio/country-flags/svg/sg.svg,SGP,0.0,0.0,0.0,39.7146574044,191.3718573915,983.1271326059,1400.056823684,1916.3562484646,2318.3975520478,0.0,0.0,0.0,6.963123862339528e-06,3.355300118075191e-05,0.0001723705161813419,0.00024547030529200226,0.00033599247216341207,0.000406481897921775,0.0,0.0,0.0,0.006963123862339528,0.03355300118075191,0.1723705161813419,0.24547030529200226,0.33599247216341205,0.406481897921775
Sierra Leone,7813215,Africa,https://public.flourish.studio/country-flags/svg/sl.svg,SLE,172.4198953854,0.0,26.2544847561,68.6175866328,36.871851288,0.0,0.0,0.0,39.5460756384,2.2067726970958817e-05,0.0,3.3602665171891465e-06,8.782247337722052e-06,4.7191650668770795e-06,0.0,0.0,0.0,5.061434459233491e-06,0.022067726970958816,0.0,0.0033602665171891463,0.008782247337722052,0.004719165066877079,0.0,0.0,0.0,0.005061434459233491
El Salvador,6453553,Americas,https://public.flourish.studio/country-flags/svg/sv.svg,SLV,0.0,0.0,0.0,2036.0033901788,9056.214079091798,8982.1710518884,10485.3788845884,10003.0917576904,7075.3320263542,0.0,0.0,0.0,0.00031548565420920846,0.0014032911915485623,0.0013918179725011012,0.0016247451418758628,0.0015500131102495632,0.0010963467761641067,0.0,0.0,0.0,0.31548565420920843,1.4032911915485622,1.3918179725011013,1.6247451418758627,1.5500131102495631,1.0963467761641068
Somalia,15442905,Africa,https://public.flourish.studio/country-flags/svg/so.svg,SOM,0.0,0.0,0.0,0.0,1730.68149967,2614.404038745,0.0,49.46731002399999,809.526088242,0.0,0.0,0.0,0.0,0.00011206968505407499,0.00016929483401892324,0.0,3.2032386409163296e-06,5.2420583319135876e-05,0.0,0.0,0.0,0.0,0.112069685054075,0.16929483401892323,0.0,0.0032032386409163297,0.05242058331913588
Slovenia,2087946,Europe,https://public.flourish.studio/country-flags/svg/si.svg,SVN,0.0,0.0,95.13764449669999,312.5032828067,409.931843424,449.715776084,437.3863520148,674.9693888600999,671.363629049,0.0,0.0,4.556518439495082e-05,0.00014967019396416382,0.00019633258878534217,0.00021538668915958555,0.00020948163985792738,0.00032326956198105696,0.00032154262085753175,0.0,0.0,0.045565184394950824,0.1496701939641638,0.19633258878534215,0.21538668915958556,0.2094816398579274,0.32326956198105694,0.32154262085753177
Sweden,10285453,Europe,https://public.flourish.studio/country-flags/svg/se.svg,SWE,13742.4799926936,39062.17414934347,45585.72897818178,49456.15635703521,48742.09474045271,50837.51052090898,61359.7950018531,61765.25745547289,59037.64078310187,0.001336108384598481,0.003797807850499484,0.004432058459474929,0.00480835956929026,0.004738935148549384,0.00494266130241507,0.0059656871702056385,0.006005108132376172,0.005739916441512286,1.336108384598481,3.797807850499484,4.432058459474929,4.80835956929026,4.738935148549384,4.94266130241507,5.965687170205639,6.005108132376172,5.739916441512286
Chad,15946876,Africa,https://public.flourish.studio/country-flags/svg/td.svg,TCD,0.0,0.0,0.0,0.0,7.574715223599999,0.0,0.0,0.0,0.0,0.0,0.0,0.0,0.0,4.749968096321812e-07,0.0,0.0,0.0,0.0,0.0,0.0,0.0,0.0,0.0004749968096321812,0.0,0.0,0.0,0.0
Togo,8082366,Africa,https://public.flourish.studio/country-flags/svg/tg.svg,TGO,0.0,34.4734292847,0.0,0.0,0.0,103.9720684512,0.0,0.0,0.0,0.0,4.26526456296337e-06,0.0,0.0,0.0,1.2864063375897603e-05,0.0,0.0,0.0,0.0,0.00426526456296337,0.0,0.0,0.0,0.012864063375897603,0.0,0.0,0.0
Thailand,69625582,Asia,https://public.flourish.studio/country-flags/svg/th.svg,THA,0.0,0.0,69.8458626286,4410.919156005401,1064.3445129425,2674.510187649501,2513.5384924343,5174.058280083898,6437.684178058597,0.0,0.0,1.0031637886861758e-06,6.33519897328169e-05,1.52866874842425e-05,3.8412751618356324e-05,3.610078968437636e-05,7.431260366461136e-05,9.246147742159768e-05,0.0,0.0,0.0010031637886861759,0.0633519897328169,0.0152866874842425,0.038412751618356326,0.036100789684376355,0.07431260366461136,0.09246147742159767
Tunisia,11694719,Africa,https://public.flourish.studio/country-flags/svg/tn.svg,TUN,0.0,0.0,0.0,0.0,0.0,472.0936132572,1428.2127671739,3109.1950861689,5116.0070756512,0.0,0.0,0.0,0.0,0.0,4.036810232526322e-05,0.00012212459035346637,0.00026586317175888535,0.00043746301861987444,0.0,0.0,0.0,0.0,0.0,0.04036810232526322,0.12212459035346637,0.26586317175888535,0.4374630186198744
Turkey,83429615,Asia,https://public.flourish.studio/country-flags/svg/tr.svg,TUR,6124.025880013399,63485.59132028736,74595.29156289854,72290.20898916149,85571.87274705847,81624.54839883496,83174.40061126485,83446.04713543826,81597.84236793141,7.340350162245623e-05,0.0007609479118450608,0.0008941104614098787,0.0008664813925985574,0.0010256774257805033,0.00097836419835852,0.0009969409616868645,0.0010001969580638514,0.0009780440958277396,0.07340350162245624,0.7609479118450608,0.8941104614098787,0.8664813925985574,1.0256774257805032,0.97836419835852,0.9969409616868644,1.0001969580638514,0.9780440958277395
Taiwan,23216236,Asia,https://upload.wikimedia.org/wikipedia/commons/thumb/7/72/Flag_of_the_Republic_of_China.svg/1280px-Flag_of_the_Republic_of_China.svg.png,TWN,115043.8058465814,298683.6311708756,486068.7792798918,795755.8363511941,1182881.070054475,1538333.451235183,1816935.712329781,1935620.519349465,1775694.643383877,0.004955316867324289,0.012865290961501064,0.020936588484020056,0.03427583335865444,0.05095059638670433,0.06626110499717452,0.07826142499282747,0.08337357181196232,0.07648503587678368,4.9553168673242896,12.865290961501064,20.936588484020056,34.27583335865444,50.950596386704326,66.26110499717453,78.26142499282747,83.37357181196232,76.48503587678368
Tanzania,58005463,Africa,https://public.flourish.studio/country-flags/svg/tz.svg,TZA,0.0,773.3324903890999,223.5981328716,731.9555195255,2204.8882878526,226.7009685666,0.0,53.728161091,59.72965955310001,0.0,1.3332063057389954e-05,3.8547771417943855e-06,1.2618734196217001e-05,3.801173499559171e-05,3.9082692705443974e-06,0.0,9.262603608732508e-07,1.0297247270157985e-06,0.0,0.013332063057389954,0.0038547771417943855,0.012618734196217,0.03801173499559171,0.0039082692705443975,0.0,0.0009262603608732507,0.0010297247270157986
Ukraine,44385155,Europe,https://public.flourish.studio/country-flags/svg/ua.svg,UKR,49559.0302665886,58870.94112282991,59066.97832117681,44352.0025278658,17377.0265658535,16601.8552616309,15418.2730502911,16522.4426928349,15095.8850992066,0.0011165676962621534,0.0013263655635049581,0.0013307822924393709,0.000999253072966982,0.00039150537079015493,0.0003740407183805238,0.0003473745456175854,0.0003722515488080395,0.00034011112722725877,1.1165676962621534,1.326365563504958,1.3307822924393709,0.999253072966982,0.3915053707901549,0.37404071838052383,0.3473745456175854,0.3722515488080395,0.3401111272272588
Uruguay,3461734,Americas,https://public.flourish.studio/country-flags/svg/uy.svg,URY,44160.3708650815,38603.3566799856,50565.6053733167,47041.01101723668,44378.19715841651,53442.8181338247,54585.62698244349,53910.31370738431,45943.25412130231,0.012756719859203944,0.01115145088559248,0.014607016418164047,0.013588857785501913,0.012819643900547097,0.015438164265025764,0.01576829039505736,0.01557321091319677,0.013271745928861751,12.756719859203944,11.15145088559248,14.607016418164047,13.588857785501913,12.819643900547097,15.438164265025764,15.76829039505736,15.573210913196771,13.271745928861751
United States,328239523,Americas,https://public.flourish.studio/country-flags/svg/us.svg,USA,133673.5168950024,142548.3122943033,180381.4524361657,216347.4836001616,359971.5117872143,440787.0387114004,478719.624086106,450443.4057786356,472066.1473440601,0.0004072438190053134,0.0004342813777922267,0.0005495421477204795,0.0006591146660914493,0.0010966732723018682,0.0013428822790222017,0.0014584460143945129,0.001372300939453399,0.0014381758266936676,0.40724381900531337,0.4342813777922267,0.5495421477204795,0.6591146660914493,1.0966732723018682,1.3428822790222017,1.4584460143945128,1.3723009394533991,1.4381758266936675
"Venezuela, RB",28515829,Americas,https://public.flourish.studio/country-flags/svg/ve.svg,VEN,2912.9151504698,4258.8587465839,6128.280667996,10800.4592518682,15870.8353644548,22300.0049309466,17290.0188114441,28447.9636609652,36103.80796221321,0.00010215081421865028,0.00014935069033356527,0.00021490803118492542,0.00037875312170893575,0.000556562299642588,0.0007820219756173528,0.0006063305685920651,0.0009976200818487585,0.0012660970846126625,0.10215081421865028,0.14935069033356527,0.2149080311849254,0.37875312170893577,0.556562299642588,0.7820219756173528,0.6063305685920651,0.9976200818487585,1.2660970846126625
Vietnam,96462106,Asia,https://public.flourish.studio/country-flags/svg/vn.svg,VNM,0.0,0.0,0.0,0.0,23.6604627693,309.9999877921999,3536.110624220601,12133.8888423568,7252.938167051104,0.0,0.0,0.0,0.0,2.452824611697779e-07,3.213697073876864e-06,3.665802843056942e-05,0.0001257891761388332,7.51895067172917e-05,0.0,0.0,0.0,0.0,0.0002452824611697779,0.003213697073876864,0.03665802843056942,0.12578917613883323,0.0751895067172917
"Yemen, Rep.",29161922,Asia,https://public.flourish.studio/country-flags/svg/ye.svg,YEM,0.0,0.0,0.0,0.0,0.0,0.0,105.6655903888,471.7946923344,147.5392007216,0.0,0.0,0.0,0.0,0.0,0.0,3.623409677482849e-06,1.6178449840665507e-05,5.059309901507863e-06,0.0,0.0,0.0,0.0,0.0,0.0,0.003623409677482849,0.016178449840665507,0.005059309901507864
South Africa,58558270,Africa,https://public.flourish.studio/country-flags/svg/za.svg,ZAF,3581.3377415233,28877.85790646599,37026.81572058309,74699.79515049935,155129.1763459876,157752.0182002554,153455.6857502212,165234.341843134,168178.2455953641,6.115853049489508e-05,0.0004931473881736258,0.0006323071996591274,0.0012756489416524662,0.0026491420656038437,0.0026939323549048733,0.0026205638546053563,0.002821708049830263,0.002871981115483161,0.06115853049489508,0.4931473881736258,0.6323071996591274,1.2756489416524661,2.6491420656038436,2.6939323549048733,2.6205638546053565,2.821708049830263,2.8719811154831607
